{
	"id": "87add3721894fe34f8c381a4be49aa9c",
	"_format": "hh-sol-build-info-1",
	"solcVersion": "0.8.26",
	"solcLongVersion": "0.8.26+commit.8a97fa7a",
	"input": {
		"language": "Solidity",
		"sources": {
			"marketplace/marketPlace.sol": {
				"content": "// SPDX-License-Identifier: GPL-3.0\r\n\r\npragma solidity >=0.4.22 <0.9.0;"
			}
		},
		"settings": {
			"optimizer": {
				"enabled": false,
				"runs": 200
			},
			"outputSelection": {
				"*": {
					"": [
						"ast"
					],
					"*": [
						"abi",
						"metadata",
						"devdoc",
						"userdoc",
						"storageLayout",
						"evm.legacyAssembly",
						"evm.bytecode",
						"evm.deployedBytecode",
						"evm.methodIdentifiers",
						"evm.gasEstimates",
						"evm.assembly"
					]
				}
			},
			"remappings": []
		}
	},
	"output": {
		"sources": {
			"marketplace/marketPlace.sol": {
				"ast": {
					"absolutePath": "marketplace/marketPlace.sol",
					"exportedSymbols": {},
					"id": 2,
					"license": "GPL-3.0",
					"nodeType": "SourceUnit",
					"nodes": [
						{
							"id": 1,
							"literals": [
								"solidity",
								">=",
								"0.4",
								".22",
								"<",
								"0.9",
								".0"
							],
							"nodeType": "PragmaDirective",
							"src": "39:32:0"
						}
					],
					"src": "39:32:0"
				},
				"id": 0
			}
		}
	}
}